Transaction ID,Source,Destination,Amount,Source Status,Destination Status
T001,A001,A006,120,OK,OK
T003,A003,A004,160,OK,OK
T005,A005,A005,200,OK,OK
T006,A006,A007,220,OK,OK
T007,A007,A008,240,OK,OK
T009,A009,A010,280,OK,OK
T010,A010,A011,300,OK,OK
T011,A001,A012,320,OK,OK
T012,A002,A013,340,OK,OK
T013,A003,A014,360,OK,OK
T014,A004,A015,380,OK,OK
T016,A006,A006,420,OK,OK
T017,A007,A007,440,OK,OK
T018,A008,A008,460,OK,OK
T019,A009,A009,480,OK,OK
T020,A010,A010,500,OK,OK
T021,A001,A001,520,OK,OK
T022,A002,A002,540,OK,OK
T023,A003,A003,560,OK,OK
T024,A004,A004,580,OK,OK
T025,A005,A005,600,OK,OK
T026,A006,A006,620,OK,OK
T027,A007,A007,640,OK,OK
T028,A008,A008,660,OK,OK
T029,A009,A009,680,OK,OK
T030,A010,A010,700,OK,OK
